firstname;gender
Aaran;m
Aaron;m
Abagail;w
Abbie;w
Abby;w
Abdul Qadir;m
Abe;m
Abel;m
Abelina;w
Abigail;w
Abner;m
Abraham;m
Abram;m
Achatius;m
Achaz;m
Achim;m
Achmed;m
Achmet;m
Ada;w
Adalbero;m
Adam;m
Adamo;m
Adela;w
Adelaide;w
Adélaïde;w
Adelbert;m
Adele;w
Adèle;w
Adelheid;w
Adelina;w
Adeline;w
Adelmo;m
Adelmus;m
Adina;w
Adine;w
Adis;m
Admir;m
Adnan;m
Adolf;m
Adolfo;m
Adolph;m
Adolphe;m
Adolphus;m
Adriaan;m
Adriaen;m
Adrian;m
Adriana;w
Adriane;w
Adriano;m
Adrien;m
Adrienne;w
Aegid;m
Aegidius;m
Aeneas;m
Afra;w
Agata;w
Agatha;w
Agathe;w
Agda;w
Aggelos;m
Ägid;m
Ägidius;m
Ägilius;m
Aglaia;w
Aglaja;w
Agnes;w
Agnès;w
Agnesa;w
Agnese;w
Agneta;w
Agnete;w
Agnieszka;w
Agnita;w
Agon;w
Ahab;m
Ahas;m
Ahmad;m
Ahmed;m
Ahmet;m
Aicha;w
Aida;w
Aidan;m
Aiko;w
Aiko;m
Aila;w
Aileen;w
Aimée;w
Aimo;m
Aischa;w
Aisha;w
Ajdin;m
Ajla;w
Akim;m
Aladdin;m
Aladin;m
Alain;m
Alan;m
Alana;w
Alanis;w
Alasdair;m
Alastair;m
Alba;w
Albain;m
Alban;m
Albana;w
Albano;m
Alberich;m
Albero;m
Albert;m
Alberta;w
Albertina;w
Albertine;w
Alberto;m
Albin;m
Albina;w
Albine;w
Albino;m
Albion;m
Albrecht;m
Albulena;w
Alda;w
Alden;m
Aldhelm;m
Aldin;m
Aldo;m
Aleandro;m
Alec;m
Alejandro;m
Aleksandar;m
Aleksandr;m
Aleksandra;w
Alen;m
Alena;w
Alena;w
Alene;w
Alessa;w
Alessandra;w
Alessandro;m
Alessia;w
Alessio;m
Alex;m
Alexa;w
Alexander;m
Alexandra;w
Alexandre;m
Alexandria;w
Alexandrina;w
Alexandrine;w
Alexandros;m
Alexej;m
Alexia;w
Alexis;w
Alexis;m
Alexius;m
Aleyna;w
Alf;m
Alf-Peter;m
Alfons;m
Alfonso;m
Alfred;m
Alfreda;w
Alfredo;m
Ali;m
Alia;w
Alice;w
Alicia;w
Alina;w
Aline;w
Alisa;w
Alisha;w
Alison;w
Alissa;w
Alissia;w
Alistair;m
Alister;m
Alizée;w
Aljoscha;m
Allah;m
Allan;m
Allegra;w
Allen;m
Allison;w
Allissia;w
Allmut;w
Alma;w
Almedina;w
Almut;w
Almute;w
Alois;m
Aloïs;m
Aloisia;w
Aloisius;m
Alonso;m
Alonzo;m
Aloys;m
Aloysius;m
Alphons;m
Alphonse;m
Althea;w
Alton;m
Alvin;m
Alvise;m
Alwin;m
Alya;w
Alyssa;w
Amabel;w
Amadeo;m
Amadeus;m
Amalia;w
Amalie;w
Amanda;w
Amandine;w
Amando;m
Amar;m
Amaryllis;w
Amata;w
Amber;w
Ambra;w
Ambrogio;m
Ambroise;m
Ambros;m
Ambrose;m
Ambrosia;w
Ambrosina;w
Ambrosine;w
Ambrosio;m
Ambrosius;m
Amédé;m
Amedea;w
Amédée;m
Amedeo;m
Ameena;w
Amelia;w
Amelie;w
Amélie;w
Amélie;w
Amely;w
Amer;m
Amin;m
Amina;w
Aminah;w
Amine;m
Aminta;w
Amir;m
Amira;w
Amos;m
Amra;w
Amrei;w
Amy;w
Amynta;w
Ana;w
Anabel;w
Anaëlle;w
Anahita;w
Anais;w
Anaïs;w
Anastasia;w
Anastasio;m
Anastasius;m
Ancel;m
Anders;m
Andi;m
Andoni;m
Andor;m
András;m
Andre;m
André;m
Andrea;w
Andrea;m
Andreas;m
Andrée;w
Andrei;m
Andreia;w
Andrej;m
Andres;m
Andrés;m
Andrew;m
Andri;m
Andriana;w
Andrijana;w
Andrina;w
Andy;m
Anett;w
Anette;w
Anezka;w
Angel;m
Angela;w
Angelica;w
Angelika;w
Angelike;w
Angelina;w
Angélique;w
Angélique;w
Angelo;m
Angelos;m
Angelus;m
Angharad;w
Angie;w
Angus;m
Anica;w
Anika;w
Anike;w
Aniko;w
Anina;w
Anine;w
Anish;m
Anisha;w
Anissa;w
Anita;w
Anja;w
Anka;w
Anke;w
Ankica;w
Ann;w
Anna;w
Anna-Lena;w
Anna-Marie;w
Annabel;w
Annabell;w
Annabella;w
Annabelle;w
Annalena;w
Annalene;w
Annalies;w
Annaliese;w
Annalisa;w
Annalise;w
Annamaria;w
Annamarie;w
Annastina;w
Anne;w
Anne-Sophie;w
Annegret;w
Anneleen;w
Annelena;w
Annelene;w
Anneli;w
Annelie;w
Annelies;w
Anneliese;w
Annelise;w
Annely;w
Annemaria;w
Annemarie;w
Annett;w
Annette;w
Annica;w
Annie;w
Annik;w
Annika;w
Annike;w
Annina;w
Annunziata;w
Anny;w
Anouchka;w
Anouk;w
Anouschka;w
Ansel;m
Anselm;m
Anselmo;m
Anselmus;m
Ansgar;m
Antal;m
Antea;w
Anteo;m
Anthea;w
Anthony;m
Antigona;w
Antigone;w
Antje;w
Antoine;m
Antoinette;w
Anton;m
Antonella;w
Antonello;m
Antonette;w
Antonia;w
Antonie;w
Antonietta;w
Antonija;w
Antonin;m
Antonina;w
Antonino;m
Antonio;m
Antony;m
Anushka;w
Aodh;m
Aodhán;m
Aoife;w
Aonghus;m
Aphra;w
Apollo;m
Apollonia;w
Apollonius;m
April;w
Apryl;w
Arabella;w
Arabelle;w
Araldo;m
Arben;m
Arbenita;w
Arbnor;m
Arbnora;w
Archibald;m
Ardi;m
Ardian;m
Ardiana;w
Ardit;m
Ardita;w
Arend;m
Arendt;m
Ares;m
Ariadna;w
Ariadne;w
Arian;m
Ariana;w
Ariana;w
Ariane;w
Ariane;w
Arianit;m
Arianna;w
Ariel;w
Ariel;m
Ariela;w
Ariele;m
Ariella;w
Arielle;w
Arietta;w
Aris;m
Arjeta;w
Arleen;w
Arlena;w
Arlene;w
Arlett;w
Arlette;w
Arlind;m
Arlinda;w
Arline;w
Armand;m
Armando;m
Armend;m
Armin;m
Armine;w
Arnaldo;m
Arnault;m
Arnd;m
Arndt;m
Arne;m
Arno;m
Arnold;m
Arnoldo;m
Arnolt;m
Arnoud;m
Aron;m
Arrigo;m
Art;m
Arta;w
Artair;m
Artan;m
Arthur;m
Artur;m
Arturo;m
Arvid;m
Asa;m
Asenath;w
Ashely;w
Asher;m
Ashlee;w
Ashleigh;w
Ashley;w
Ashley;m
Ashli;w
Ashlie;w
Ashly;w
Ashlyn;w
Asja;w
Asmir;m
Asmus;m
Asser;m
Asta;w
Astrid;w
Astrit;m
Athena;w
Athene;w
Attilia;w
Attilio;m
Aubrey;w
Aubrey;m
Aude;w
Audrey;w
August;m
Augusta;w
Auguste;w
Auguste;m
Augustin;m
Augustinus;m
Augusto;m
Aurel;m
Aurèle;m
Aurelia;w
Aureliana;w
Aureliano;m
Aurelie;w
Aurélie;w
Aurelien;m
Aurelio;m
Aurora;w
Aurore;w
Austin;m
Autumn;w
Ava;w
Avdotja;w
Avril;w
Axel;m
Axelle;w
Ayisha;w
Ayla;w
Ayla;w
Ayleen;w
Aylin;w
Azalea;w
Azalee;w
Azra;w
Babette;w
Babsi;w
Bailey;m
Bairre;m
Bajram;m
Baldassare;m
Baldassarre;m
Baltasar;m
Balthasar;m
Balthazar;m
Baptist;m
Baptiste;m
Barbara;w
Bärbel;w
Barbra;w
Barnabas;m
Barnaby;m
Barney;m
Barney;m
Barry;m
Barthold;m
Bartholomäus;m
Bartholomew;m
Bartolo;m
Bartolomé;m
Bartolomeo;m
Basil;m
Basile;m
Basìlio;m
Bastian;m
Bastien;m
Batista;m
Battista;m
Batuhan;m
Bautista;m
Bea;w
Beat;m
Beata;w
Beate;w
Beath;m
Beato;m
Beatrice;w
Béatrice;w
Beatrix;w
Beatriz;w
Becky;w
Beda;m
Bedrich;m
Béla;m
Belinda;w
Belinde;w
Bella;w
Belmin;m
Beltrame;m
Beltrán;m
Ben;m
Benedetta;w
Benedetto;m
Benedict;m
Bénédict;m
Benedicta;w
Benedikt;m
Benedikta;w
Benedita;w
Bengt;m
Beniamino;m
Benita;w
Benito;m
Benjamin;m
Benjy;m
Bennet;m
Bennett;m
Bennie;m
Benno;m
Benny;m
Benoît;m
Bent;m
Bente;w
Bento;m
Beppe;m
Beppina;w
Berenice;w
Bérénice;w
Berenike;w
Berfin;w
Berit;w
Berkay;m
Bernadett;w
Bernadette;w
Bernard;m
Bernarda;w
Bernarde;w
Bernardo;m
Bernd;m
Berndt;m
Bernhard;m
Bernhard Rudolf;m
Bernharda;w
Bernharde;w
Bernice;w
Bernicia;w
Bernie;m
Bert;m
Berta;w
Berte;w
Bertha;w
Berthe;w
Berthild;w
Berthilde;w
Berthold;m
Bertie;m
Berto;m
Bertold;m
Bertoldo;m
Bertolt;m
Bertram;m
Bertrame;m
Bertrand;m
Beryl;w
Beryll;w
Besart;m
Besarta;w
Besjana;w
Besmir;m
Besnik;m
Bessie;w
Bessy;w
Beth;w
Bethany;w
Betim;m
Betina;w
Betsy;w
Bettina;w
Betty;w
Beulah;w
Beverley;w
Beverly;w
Bhreac;m
Biaggo;m
Biagio;m
Biago;m
Bianca;w
Bianka;w
Bibiana;w
Bibiane;w
Biljana;w
Bill;m
Billie;m
Billy;m
Birger;m
Birgid;w
Birgit;w
Birgitt;w
Birgitta;w
Birte;w
Birthe;w
Bjarne;m
Björn;m
Blaise;m
Blake;m
Blanca;w
Blanche;w
Blanka;w
Blas;m
Blaz;m
Blerim;m
Blerina;w
Blerta;w
Blossom;w
Bob;m
Bobbie;m
Bobby;m
Bodo;m
Bojan;m
Bojana;w
Bonifacio;m
Bonifatius;m
Bonifaz;m
Bonnie;w
Borchard;m
Borghild;w
Boris;m
Borislaw;m
Bozidar;m
Bozydar;m
Brad;m
Bradley;m
Brady;m
Braida;w
Branden;m
Brandi;w
Brandie;w
Brandon;m
Brandy;w
Branislav;m
Branko;m
Branwen;w
Bras;m
Bratislav;m
Bratislava;w
Breanna;w
Breck;m
Brenda;w
Brendan;m
Brenden;m
Brenna;w
Brent;m
Brett;m
Brian;m
Briana;w
Brianna;w
Brianne;w
Brice;m
Bridget;w
Brigida;w
Brigitta;w
Brigitte;w
Brita;w
Britney;w
Britta;w
Brittani;w
Brittany;w
Brittney;w
Brizio;m
Bronislaw;m
Bronwen;w
Brook;w
Brooke;w
Brooklyn;w
Brooks;m
Bruce;m
Bruna;w
Brunhild;w
Brünhild;w
Brunhilde;w
Brünhilde;w
Bruno;m
Brunone;m
Bryan;m
Bryce;m
Bujar;m
Burghard;m
Burghild;w
Burghilde;w
Burhan;m
Burim;m
Burkard;m
Burkart;m
Burkhard;m
Burkhart;m
Büsra;w
Byron;m
Cäcilia;w
Cäcilie;w
Caesar;m
Cailean;m
Cainan;m
Cainneach;m
Caio;m
Caitlin;w
Caleb;m
Calisto;m
Callisto;m
Callum;m
Calum;m
Calvin;m
Camella;w
Camellia;w
Cameron;m
Cami;w
Camill;m
Camilla;w
Camille;w
Camille;m
Camillo;m
Camilo;m
Can;m
Candace;w
Candice;w
Cansu;w
Caoimhin;m
Cara;w
Caren;w
Caridad;w
Caridade;w
Carin;w
Carina;w
Carine;w
Carinna;w
Caritas;w
Carl;m
Carla;w
Carlo;m
Carlos;m
Carlota;w
Carlotta;w
Carlton;m
Carmel;w
Carmela;w
Carmelia;w
Carmelo;m
Carmen;w
Carmina;w
Carmine;m
Carol;w
Carola;w
Carole;w
Carolin;w
Carolina;w
Caroline;w
Carolyn;w
Carolyne;w
Carri;w
Carrie;w
Carsten;m
Cäsar;m
Casey;w
Casey;m
Casimir;m
Caspar;m
Cassandra;w
Cassidy;w
Catalina;w
Catarina;w
Caterina;w
Catharina;w
Catherina;w
Catherine;w
Cathérine;w
Cathleen;w
Cathrin;w
Cathrina;w
Cathrine;w
Cathy;w
Catia;w
Catrin;w
Cay;m
Cayo;m
Cecil;m
Cecile;w
Cecilia;w
Cecilie;w
Cecilio;m
Cecilius;m
Cecily;w
Cedric;m
Cédric;m
Cedrik;m
Celeste;m
Celéste;w
Céleste;m
Celestina;w
Celestino;m
Celia;w
Celina;w
Céline;w
Celio;m
Cellina;w
Cem;m
Cesar;m
César;m
Cesare;m
Cesira;w
Chad;m
Chantal;w
Charitas;w
Charity;w
Charla;w
Charleen;w
Charlene;w
Charles;m
Charlie;m
Charline;w
Charlott;w
Charlotta;w
Charlotte;w
Charlton;m
Charly;m
Chase;m
Chelsea;w
Cher;w
Cheri;w
Cherie;w
Cheryl;w
Chester;m
Cheyenne;w
Chiara;w
Chloe;w
Chloé;w
Chlöe;w
Chris;m
Christa;w
Christel;w
Christelle;w
Christian;m
Christiana;w
Christiane;w
Christin;w
Christina;w
Christine;w
Christóbal;m
Christof;m
Christofer;m
Christoff;m
Christoffer;m
Christoph;m
Christophe;m
Christopher;m
Christy;w
Cian;m
Ciara;w
Ciarán;m
Cillian;m
Cinderella;w
Cindy;w
Cinja;w
Cinzia;w
Ciriaco;m
Ciro;m
Claas;m
Claire;w
Clara;w
Clare;w
Clarence;m
Clarice;w
Clarina;w
Clarina;w
Clarinda;w
Clarinde;w
Clarissa;w
Clark;m
Claude;w
Claude;m
Claudette;w
Claudia;w
Claudina;w
Claudine;w
Claudio;m
Claudius;m
Claus;m
Clayton;m
Clea;w
Clelia;w
Clemence;w
Clémence;w
Clemens;m
Clement;m
Clément;m
Clemente;m
Clementina;w
Clementine;w
Cleo;w
Cleopatra;w
Cleve;m
Cliff;m
Cliff;m
Clifford;m
Clifton;m
Clint;m
Clinton;m
Clive;m
Cloe;w
Clothilde;w
Clotilda;w
Clotilde;w
Clyde;m
Cody;m
Coelestina;w
Coinneach;m
Cole;m
Cölestin;m
Cölestine;w
Cölestinus;m
Coletta;w
Colin;m
Coline;w
Colleen;w
Colombe;w
Colombina;w
Colombine;w
Conan;m
Concetta;w
Connie;w
Connie;w
Connor;m
Conny;w
Conor;m
Conrad;m
Conradin;m
Conrado;m
Conradus;m
Constance;w
Constantin;m
Constantine;m
Constanza;w
Constanze;w
Cora;w
Coral;w
Coralie;w
Coraline;w
Corbin;m
Corbinian;m
Cordula;w
Corentin;m
Corentine;w
Corey;m
Corin;m
Corina;w
Corinna;w
Corinne;w
Corneille;m
Cornel;m
Cornela;w
Cornelia;w
Cornélie;w
Cornelio;m
Cornelis;m
Cornelius;m
Corona;w
Corrado;m
Corsin;m
Corvin;m
Cory;m
Cosima;w
Cosimo;m
Cosmo;m
Costanta;w
Costante;m
Costantino;m
Costanzo;m
Courtney;w
Courtney;m
Craig;m
Cressida;w
Cristian;m
Cristiana;w
Cristiano;m
Cristina;w
Cristoforo;m
Cristovão;m
Crystal;w
Curd;m
Curdin;m
Curt;m
Curt;m
Curtis;m
Curtiz;m
Curzio;m
Cynthia;w
Cyra;w
Cyriac;m
Cyriacus;m
Cyril;m
Cyrill;m
Cyrille;m
Cyrillus;m
Cyrus;m
Dafina;w
Dafne;w
Dag;m
Dagmar;w
Dagobert;m
Dahlia;w
Daisy;w
Dajana;w
Dakota;m
Dale;m
Dalia;w
Daliah;w
Dalibor;m
Dalibora;w
Dalila;w
Dalilah;w
Daliyah;w
Dalton;m
Damaris;w
Damian;m
Damián;m
Damiana;w
Damiano;m
Damien;m
Damion;m
Damir;m
Damla;w
Damon;m
Dan;m
Dan;m
Dana;w
Danaë;w
Dani;m
Dania;w
Danica;w
Danice;w
Daniel;m
Daniela;w
Daniele;w
Daniele;m
Daniella;w
Danielle;w
Danielo;m
Daniil;m
Danijel;m
Danijela;w
Danika;w
Danila;w
Danilo;m
Danja;w
Dankmar;m
Dankrad;m
Danny;m
Dante;m
Daphne;w
Dara;m
Dardan;m
Daren;m
Daria;w
Darian;m
Darin;m
Dario;m
Darius;m
Darja;w
Darko;m
Darleene;w
Darlene;w
Daron;m
Darragh;m
Darrell;m
Darren;m
Darrin;m
Darron;m
Darryl;m
Darwin;m
Darya;w
Daryl;m
Dave;m
David;m
Davida;w
Davide;m
Davina;w
Davor;m
Dawn;w
Dayana;w
Dean;m
Deanna;w
Debbie;w
Debby;w
Debora;w
Deborah;w
Debra;w
Dejan;m
Delfina;w
Delfine;w
Delia;w
Deliane;w
Delila;w
Delilah;w
Della;w
Delores;w
Delphina;w
Delphine;w
Demetria;w
Demetrio;m
Demi;w
Denes;m
Denis;m
Denise;w
Deniz;m
Dennis;m
Denny;m
Denys;m
Derek;m
Derk;m
Derrick;m
Desanka;w
Desideria;w
Desiderio;m
Desiree;w
Désirée;w
Destiny;w
Detlef;m
Detlev;m
Devin;m
Diamond;w
Diana;w
Diane;w
Dianne;w
Dick;m
Didaco;m
Didier;m
Diebald;m
Diego;m
Diego;m
Diellza;w
Dierk;m
Dieter;m
Diethard;m
Dietmar;m
Dietreich;m
Dietrich;m
Digna;w
Dijana;w
Dilan;m
Dilara;w
Dilek;w
Diletta;w
Dimitri;m
Dimitrij;m
Dina;w
Dinah;w
Dino;m
Diogo;m
Diogo;m
Dion;m
Dionys;m
Dionysius;m
Dirk;m
Ditmar;m
Dittmar;m
Djamal;m
Djamil;m
Djamila;w
Djordje;m
Dmitri;m
Doireann;w
Dolf;m
Dolly;w
Dolores;w
Domenic;m
Domenica;w
Domenico;m
Domenik;m
Domenique;m
Domingo;m
Dominic;m
Dominica;w
Dominik;m
Dominika;w
Dominique;w
Dominique;m
Domitilla;w
Domiziana;w
Domiziano;m
Don;m
Donald;m
Donalda;w
Donat;m
Donata;w
Donato;m
Donella;w
Donika;w
Donna;w
Donnie;m
Dora;w
Dora;w
Doreen;w
Dorentina;w
Dores;w
Dorian;m
Doriana;w
Dorina;w
Doris;w
Dorit;w
Dorotea;w
Dorothea;w
Dorothee;w
Dorothée;w
Dorothy;w
Doug;m
Douglas;m
Draga;w
Dragan;m
Dragana;w
Dragica;w
Dragisa;m
Drago;m
Dragoljub;m
Dragomir;m
Dragomira;w
Dragoslav;m
Dragotin;m
Dragutin;m
Drilon;m
Driton;m
Drusilla;w
Duane;m
Duarte;m
Duncan;m
Dunja;w
Durante;m
Dusan;m
Dusana;w
Dusanka;m
Dustin;m
Duygu;w
Dwayne;m
Dwight;m
Dylan;m
Dymitr;m
Earl;m
Earle;m
Earline;w
Earnest;m
Ebba;w
Ebbo;m
Ebenezer;m
Eberhard;m
Eberhart;m
Ebru;w
Eckard;m
Eckhard;m
Ed;m
Eda;w
Edda;w
Eddie;m
Eddy;m
Edeltraud;w
Edeltrud;w
Eden;w
Edgar;m
Edgarda;w
Edgardo;m
Edgaro;m
Edi;m
Edin;m
Edina;m
Edis;m
Edison;m
Edita;w
Edith;w
Editha;w
Editta;w
Edmond;m
Edmonda;w
Edmondo;m
Edmund;m
Edna;w
Edna;w
Edoarda;w
Edoardo;m
Edon;m
Edona;w
Edouard;m
Édouard;m
Eduard;m
Eduarda;w
Eduardo;m
Edvard;m
Edvige;w
Edward;m
Edwige;w
Edwin;m
Edwina;w
Edwine;w
Edzard;m
Efraim;m
Efrain;m
Efrem;m
Eggert;m
Egid;m
Egidio;m
Egidius;m
Egle;w
Egmond;m
Egmont;m
Egmund;m
Egon;m
Egzon;m
Egzona;w
Ehrhard;m
Eicke;u
Eija;w
Eike;w
Eike;m
Eiko;w
Eiko;m
Eileen;w
Eireann;w
Eistir;w
Eithne;w
Élaine;w
Elanor;w
Elda;w
Eldin;m
Elea;w
Eleanor;w
Elena;w
Eleni;w
Eleonora;w
Eléonore;w
Elettra;w
Elfreda;w
Elfrida;w
Elfriede;w
Eli;m
Elia;w
Eliana;w
Eliane;w
Éliane;w
Elias;m
Elicio;m
Elie;m
Elif;w
Eligio;m
Eligius;m
Elija;m
Elijah;m
Elin;w
Elina;w
Eline;w
Elio;m
Eliot;m
Eliott;m
Elisa;w
Elisa;m
Elisabeth;w
Elisabetha;w
Elisabetta;w
Elisabettina;w
Elischa;m
Elise;w
Eliseo;m
Elisha;m
Eliza;w
Elizabeth;w
Elkanah;m
Elke;w
Ella;w
Ellen;w
Elli;w
Ellie;w
Elliot;m
Elliott;m
Ellis;m
Ellis;m
Ellmar;m
Elly;w
Elma;w
Elmar;m
Elmedina;w
Elmer;m
Elmira;w
Elmo;m
Élodie;w
Eloise;w
Éloise;w
Elsa;w
Elsbeth;w
Elsie;w
Elton;m
Elvia;w
Elviana;w
Elviano;m
Elvio;m
Elvira;w
Elvire;w
Elvis;m
Elwin;m
Emanuel;m
Emanuela;w
Emanuele;m
Emanuelle;w
Emely;w
Emerald;w
Emerentia;w
Emerentiana;w
Emerenz;w
Emerenziana;w
Emerich;m
Emil;m
Émile;m
Emilia;w
Emilian;m
Emilie;w
Émilie;w
Émilien;m
Emilio;m
Emily;w
Emina;w
Emine;w
Emir;m
Emma;w
Emmanuel;m
Emmanuelle;w
Emmerich;m
Emmy;w
Emre;m
Endrit;m
Enea;m
Enes;m
Engelbert;m
Engin;m
Engus;m
Enis;m
Enna;w
Ennio;m
Enno;m
Enoch;m
Enola;w
Enos;m
Enosch;m
Enosh;m
Enrica;w
Enrico;m
Enrique;m
Enya;w
Enza;w
Enzio;m
Enzo;m
Eoghan;m
Eoin;m
Eolo;m
Ephraim;m
Erasmo;m
Erasmus;m
Erdal;m
Eren;m
Erhard;m
Erhart;m
Eriberto;m
Eric;m
Erica;w
Erich;m
Erico;m
Erik;m
Erika;w
Erin;w
Erkan;m
Erkenbald;m
Erle;m
Erma;w
Ermanno;m
Ermenegilde;m
Ermenegildo;m
Ermengarda;w
Ermes;m
Ermete;w
Ermin;m
Erminia;w
Erminio;m
Erna;w
Ernest;m
Ernesta;w
Ernestin;m
Ernestina;w
Ernestine;w
Ernesto;m
Ernst;m
Erol;m
Eros;m
Ersilia;w
Erwin;m
Esmeralda;w
Esperanza;w
Esra;w
Esra;m
Estéban;m
Estefanía;w
Estella;w
Estelle;w
Ester;w
Esther;w
Estrella;w
Eszter;w
Ethan;m
Ethel;w
Étienne;m
Ettore;m
Euan;m
Eugen;m
Eugene;m
Eugène;m
Eugenia;w
Eugenie;w
Eugénie;w
Eugenio;m
Eugênio;m
Eugeniusz;m
Eulalia;w
Eulalie;w
Eulalio;m
Eunice;w
Eunike;w
Eustace;m
Eustach;m
Eustache;m
Eustachio;m
Eustachius;m
Eustacia;w
Eustaquio;m
Eva;w
Eva-Maria;w
Evamaria;w
Evamarie;w
Evan;m
Evaristo;m
Eve;w
Evelin;w
Evelina;w
Eveline;w
Evelyn;w
Evelyne;w
Everard;m
Everardo;m
Everett;m
Everette;m
Everhard;m
Evert;m
Evi;w
Evita;w
Evrard;m
Evzen;m
Ewa;w
Ewald;m
Ewan;m
Ewould;m
Ezechiel;m
Ezekiel;m
Ezio;m
Ezra;m
Fabia;w
Fabian;m
Fabián;m
Fabiana;w
Fabiane;w
Fabiano;m
Fabiao;m
Fabien;m
Fabienne;w
Fabio;m
Fabiola;w
Fabius;m
Fabrice;m
Fabrizio;m
Fabrizius;m
Fadri;m
Fae;w
Faith;w
Falco;m
Falk;m
Falko;m
Fannie;w
Fanny;w
Fatima;w
Fatime;w
Fatlind;m
Fatlinda;w
Fatlum;m
Fatma;w
Fatmir;m
Faton;m
Fatou;w
Fausta;w
Faustina;w
Faustinus;m
Fausto;m
Faustus;m
Fay;w
Faye;w
Fearghas;m
Fedele;m
Federica;w
Federico;m
Federigo;m
Fedor;m
Fedra;w
Fee;w
Felice;m
Felicia;w
Felician;m
Feliciana;w
Feliciano;m
Felicianus;m
Felicidad;w
Felicidade;w
Félicien;m
Felicita;w
Felicitas;w
Felicity;w
Felina;w
Felipe;m
Felix;m
Félix;m
Felizia;w
Felizian;m
Felizitas;w
Femke;w
Feodor;m
Feodora;w
Ferdinand;m
Ferdinanda;w
Ferdinande;w
Ferdinando;m
Ferenc;m
Fergie;w
Fergus;m
Ferike;w
Fermin;m
Fern;w
Fernand;m
Fernanda;w
Fernandine;w
Fernando;m
Ferruccio;m
Festina;w
Fiammetta;w
Fidel;m
Fidelio;m
Fidelis;m
Fidelius;m
Fido;m
Filarete;m
Filibert;m
Filiberta;w
Filiberto;m
Filip;m
Filipa;w
Filipe;m
Filipp;m
Filippo;m
Filiz;w
Filomena;w
Fina;w
Fina;w
Finbar;m
Finetta;w
Finette;w
Finja;w
Finn;m
Finn;m
Fiona;w
Fíona;w
Fionn;m
Fionnbharr;m
Fiorella;w
Fiorenza;w
Fiorenzo;m
Firat;m
Firmin;m
Firmino;m
Fisnik;m
Fitim;m
Fjodor;m
Flaminio;m
Flamur;m
Flavia;w
Flavienne;w
Flavio;m
Flora;w
Florence;w
Florence;m
Florencio;m
Florens;m
Florenti;m
Florentia;w
Florentin;m
Florentina;w
Florentine;w
Florentyna;w
Florenz;m
Florenzia;w
Floretta;w
Florian;m
Floriana;w
Floriane;w
Florin;m
Florina;w
Florine;w
Floris;m
Floro;m
Florus;m
Floyd;m
Flurin;m
Flurina;w
Folke;m
Folko;m
Fortunat;m
Fortunata;w
Fortunato;m
Fortunatus;m
Fosca;w
Fosco;m
Foulques;m
Franca;w
Frances;w
Francesca;w
Francesco;m
Francine;w
Francis;m
Francisca;w
Francisco;m
Franciszek;m
Franco;m
François;m
Françoise;w
Frank;m
Frank Stefan;m
Franka;w
Frankie;m
Franklin;m
Franko;m
Frantisek;m
Franz;m
Franziska;w
Franziskus;m
Frauke;w
Fred;m
Freddie;m
Freddy;m
Frederic;m
Frédéric;m
Frederica;w
Frederick;m
Fredericka;w
Frederico;m
Frederik;m
Frederika;w
Frederike;w
Fredrick;m
Fredrik;m
Fredy;m
Freia;w
Freja;w
Frerik;m
Freya;w
Frida;w
Friderike;w
Fridolin;m
Fridtjof;m
Frieda;w
Friede;w
Friedegund;w
Friedemann;m
Frieder;m
Friederich;m
Friederika;w
Friederike;w
Friedrich;m
Frithjof;m
Fritiof;m
Fritjof;m
Fryderyk;m
Fulke;m
Fulvia;w
Fulvio;m
Furkan;m
Fynn;m
Gabi;w
Gábor;m
Gabriel;m
Gabriela;w
Gabriele;w
Gabriele;m
Gabriella;w
Gabrielle;w
Gabriello;m
Gaby;w
Gad;m
Gaëlle;w
Gaétan;m
Gaetano;m
Gaia;w
Gaia;w
Gail;w
Gaio;m
Gamze;w
Garet;m
Gareth;m
Garnet;w
Garnett;w
Garnier;m
Garrett;m
Garry;m
Gary;m
Gaspar;m
Gáspár;m
Gaspard;m
Gaspare;m
Gasparo;m
Gaston;m
Gastone;m
Gaudens;m
Gaudenz;m
Gaudenzio;m
Gauthier;m
Gautier;m
Gaven;m
Gavin;m
Gavril;m
Gayle;w
Gaynor;w
Gebbert;m
Gebhard;m
Gedeon;m
Gela;w
Gelsomina;w
Gelsomino;m
Geltrude;w
Geminiano;m
Gemma;w
Gene;m
Genesio;m
Geneviève;w
Gennaro;m
Genovefa;w
Genoveffa;w
Genoveva;w
Gentiana;w
Geoffrey;m
Geoffroi;m
Geoffroy;m
Georg;m
George;m
Georges;m
Georgette;w
Georgi;m
Georgia;w
Georgina;w
Georgine;w
Georgios;m
Georgius;m
Gerald;m
Gérald;m
Geralde;w
Geraldine;w
Géraldine;w
Geraldo;m
Gerard;m
Gérard;m
Gerardo;m
Gerd;m
Gerd-Uwe;m
Gerda;w
Geremia;m
Gerfried;m
Gerhard;m
Gerharda;w
Gerharde;w
Gerhart;m
Gerhild;w
Gerhilde;w
Gerit;w
Gerit;m
Gerlind;w
Gerlinde;w
Germain;m
Germaine;w
German;m
Germana;w
Germano;m
Gernot;m
Gero;m
Gerolamo;m
Gerold;m
Geronimo;m
Gerrit;w
Gerrit;m
Gerry;m
Gert;m
Gertraud;w
Gertrud;w
Gertrude;w
Gervin;m
Gerwig;m
Gerwin;m
Gesche;w
Getraud;w
Géza;m
Giacinto;m
Giacobbe;m
Giacoma;w
Giacomo;m
Giada;w
Gian;m
Giancarlo;m
Gianfranco;m
Gianna;w
Gianni;m
Gideon;m
Gidon;m
Gil;m
Gilbert;m
Gilberta;w
Gilberto;m
Gilda;w
Gildo;m
Giles;m
Gill;w
Gilles;m
Gilles;m
Gillian;w
Gillis;m
Gina;w
Ginevra;w
Gino;m
Gioacchino;m
Gioele;m
Gioia;w
Gion;m
Giona;m
Giordano;m
Giorgia;w
Giorgio;m
Giosuè;m
Giovanna;w
Giovanni;m
Giovannino;m
Giraldo;m
Girolamo;m
Gisela;w
Gisèle;w
Gisella;w
Giselle;w
Giso;m
Gitta;w
Giuda;m
Giuditta;w
Giulia;w
Giuliana;w
Giuliano;m
Giulietta;w
Giulio;m
Giuseppa;w
Giuseppe;m
Giuseppina;w
Giustina;w
Giusto;m
Gizem;w
Gladys;w
Glen;m
Glenda;w
Glenn;m
Gloria;w
Gloriana;w
Goddard;m
Godfrey;m
Godlef;m
Goffredo;m
Gökhan;m
Gomberto;m
Gomer;m
Goran;m
Gordan;m
Gordana;w
Gordon;m
Gösta;m
Gottfried;m
Gotthard;m
Gottlieb;m
Götz;m
Grace;w
Gracia;w
Graciano;m
Graham;m
Granit;m
Grant;m
Gratian;m
Gratien;m
Grazia;w
Graziano;m
Greg;m
Gregg;m
Grégoire;m
Gregor;m
Gregorio;m
Gregory;m
Grégory;m
Gresa;w
Greta;w
Gretel;w
Grover;m
Guadalupe;w
Guadalupe;m
Gualtiero;m
Guarino;m
Gudrun;w
Guerrino;m
Guglielmo;m
Guido;m
Guillaume;m
Guillermo;m
Guiseppa;w
Guiseppe;m
Guiseppina;w
Gunar;m
Gunda;w
Gunde;w
Gundela;w
Gundula;w
Günes;w
Gunnar;m
Guntbert;m
Gunter;m
Günter;m
Gunther;m
Günther;m
Guntram;m
Gus;m
Gustaaf;m
Gustaf;m
Gustav;m
Gustave;m
Gustavo;m
Gustl;m
Guy;m
Gwen;w
Gwenda;w
Gwendolen;w
Gwendolin;w
Gwendoline;w
Gwendolyn;w
Gwenfrewi;w
Gwladys;w
Gyles;m
Hadrian;m
Hagen;m
Hailey;w
Hajo;m
Hakan;m
Haley;w
Hallie;w
Hamid;m
Hanan;w
Hanna;w
Hanna;w
Hannah;w
Hanne;w
Hannelore;w
Hannes;m
Hanno;m
Hans;m
Hans-Christian;m
Hans-Georg;m
Hans-Jürgen;m
Hans-Martin;m
Hans-Peter;m
Hansjörg;m
Hansjürgen;m
Hanspeter;m
Harald;m
Haris;m
Harold;m
Harriet;w
Harrison;m
Harry;m
Hartmut;m
Hartwig;m
Harun;m
Harvey;m
Harwig;m
Hasan;m
Haskel;m
Hassan;m
Hattie;w
Hauke;m
Hayley;w
Hazel;w
Heather;w
Hector;m
Hedda;w
Hede;w
Hedi;w
Hedvig;w
Hedwig;w
Hedy;w
Heide;w
Heidelinde;w
Heidemaria;w
Heidemarie;w
Heidi;w
Heidrun;w
Heike;w
Heiko;m
Heimo;m
Heiner;m
Heino;m
Heinrich;m
Heinrika;w
Heinrike;w
Heinz;m
Hektor;m
Helder;m
Helen;w
Helena;w
Helene;w
Hélène;w
Helga;w
Helge;w
Hella;w
Hellmuth;m
Helma;w
Helmut;m
Helmuth;m
Héloïse;w
Hemma;w
Hendrick;m
Hendrik;m
Hendrikje;w
Hennes;m
Henning;m
Henoch;m
Henok;m
Henri;m
Henrick;m
Henrietta;w
Henriette;w
Henrik;m
Henrika;w
Henrike;w
Henry;m
Henry Georg;m
Hera;w
Herbert;m
Herbie;m
Herman;m
Hermann;m
Hermenegildo;m
Hermina;w
Hermine;w
Herta;w
Hertha;w
Hertwig;m
Hervé;m
Herwig;m
Hesekiel;m
Hetty;w
Hieronymus;m
Hilal;m
Hilar;m
Hilaria;w
Hilarius;m
Hilary;w
Hilda;w
Hilde;w
Hildegard;w
Hilka;w
Hilke;w
Hiltraud;w
Hiltrud;w
Hinrich;m
Hinrik;m
Hiob;m
Hipolito;m
Hippolyt;m
Hippolyta;w
Hippolyte;m
Hjördis;w
Holda;w
Holde;w
Holger;m
Hollie;w
Holly;w
Homer;m
Honora;w
Honoré;m
Honorée;w
Honoria;w
Honorine;w
Honorius;m
Honour;w
Hope;w
Horace;m
Horatio;m
Horaz;m
Horst;m
Hortense;w
Hortensia;w
Hosea;m
Howard;m
Hubert;m
Hugh;m
Hugo;m
Hugues;m
Hulda;w
Huldah;w
Hülya;w
Humbert;m
Humphrey;m
Hunfried;m
Hunter;m
Hüseyin;m
Hussain;m
Hussein;m
Hyacinth;w
Hyacinth;m
Iain;m
Ian;m
Ibrahim;m
Ida;w
Idony;w
Iduna;w
Iefan;m
Iesha;w
Ignace;m
Ignatia;w
Ignaz;m
Ignazia;w
Ignazio;m
Igor;m
Ijob;m
Ike;m
Ilan;m
Ilana;w
Ilaria;w
Ilario;m
Ilenia;w
Ilir;m
Ilja;m
Ilona;w
Ilse;w
Ilva;w
Ilyas;m
Imelda;w
Imelde;w
Immanuel;m
Imme;w
Imogen;w
Imre;m
Ina;w
Indira;w
Indra;m
Ines;w
Inés;w
Inès;w
Inês;w
Inéz;w
Ing;m
Inga;w
Inge;w
Ingeborg;w
Ingela;w
Ingemar;m
Ingmar;m
Ingo;m
Ingolf;m
Ingomar;m
Ingrid;w
Ingvar;m
Ingvi;m
Ingwaz;m
Ingwio;m
Inken;w
Inko;m
Innocenzo;m
Innokenti;m
Innozenz;m
Inocencio;m
Ioannis;m
Iolanda;w
Iole;w
Ippolita;w
Ippolito;m
Ira;w
Irena;w
Irene;w
Irène;w
Iride;w
Irina;w
Iris;w
Irma;w
Irmgard;w
Irmhild;w
Irmhilde;w
Irmtraud;w
Irmtrud;w
Irvin;m
Irwin;m
Isaac;m
Isaak;m
Isabel;w
Isabell;w
Isabella;w
Isabelle;w
Isacco;m
Isachar;m
Isaiah;m
Isaias;m
Isak;m
Isaline;w
Iseult;w
Ishmael;m
Iside;w
Isidor;m
Isidora;w
Isidore;w
Isidore;m
Isidoro;m
Isis;w
Ismael;m
Ismail;m
Isolde;w
Isolina;w
Isotta;w
Israel;m
Issachar;m
István;m
Itala;w
Italo;m
Iti;m
Itria;w
Iva;w
Ivan;m
Ivana;w
Ivano;m
Ivica;m
Ivo;m
Ivona;w
Ivonne;w
Ivor;m
Ivy;w
Iwan;m
Iwana;w
Izet;m
Izydor;m
J.-Christian;m
Jacenty;m
Jachen;m
Jachym;m
Jacinda;m
Jacinta;m
Jacinto;m
Jack;m
Jackie;w
Jackie;m
Jackson;m
Jacky;w
Jacky;m
Jacob;m
Jacopo;m
Jacqueline;w
Jacquelyn;w
Jacques;m
Jade;w
Jael;w
Jago;m
Jahwe;m
Jaime;m
Jake;m
Jakob;m
Jakoba;w
Jakobea;w
Jakobine;w
Jakobus;m
Jakow;m
Jamal;w
Jamal;m
James;m
Jamie;w
Jamil;m
Jamila;w
Jan;m
Jan-Florian;m
Jan-Helge;m
Jana;w
Jane;w
Janet;w
Janette;w
Janic;m
Janice;w
Janick;m
Janie;w
Janik;m
Janika;m
Janin;w
Janina;w
Janine;w
Janis;w
Janis;m
Jankó;m
Jann;m
Janna;w
Janne;w
Jannes;m
Jannic;m
Jannick;m
Jannik;m
Jannine;w
Jannis;m
Janós;m
Janosch;m
Jaqueline;w
Jared;m
Jarno;m
Jarod;m
Jaromierz;m
Jaromir;m
Jaron;m
Jaroslav;m
Jaroslaw;m
Jarrod;m
Jascha;m
Jasmin;w
Jasmina;w
Jasmine;w
Jason;m
Jasper;m
Javier;m
Jay;m
Jean;w
Jean;m
Jean-Pascal;m
Jeanette;w
Jeanie;w
Jeanine;w
Jeanne;w
Jeannette;w
Jeannine;w
Jeff;m
Jeffery;m
Jeffrey;m
Jefrem;m
Jehoahaz;m
Jehona;w
Jehova;m
Jehovah;m
Jekaterina;w
Jelena;w
Jelka;w
Jelke;m
Jelto;m
Jemima;w
Jenaro;m
Jenifer;w
Jenna;w
Jennie;w
Jennifer;w
Jenny;w
Jenny;w
Jennyfer;w
Jenö;m
Jens;m
Jens Harry;m
Jeremia;m
Jeremiah;m
Jeremias;m
Jérémie;m
Jeremy;m
Jerker;m
Jermaine;m
Jerome;m
Jérôme;m
Jeron;m
Jeronimo;m
Jerry;m
Jerry;m
Jesaja;m
Jesper;m
Jesse;m
Jessica;w
Jessie;w
Jessika;w
Jessy;w
Jesus;m
Jethro;m
Jetmir;m
Jette;w
Jetty;w
Jevdokija;w
Jewel;w
Jewell;w
Jewgeni;m
Jil;w
Jill;w
Jim;m
Jimmie;m
Jimmy;m
Jina;w
Jing;w
Jirí;m
Jo;w
Jo;m
Jo;m
Joachim;m
Joah;m
Joahas;m
Joahaz;m
Joakim;m
Joan;w
Joana;w
Joann;w
Joanna;w
Joanne;w
João;m
Joaquim;m
Joas;m
Job;m
Joceline;w
Jocelyn;w
Jochen;m
Jodi;w
Jodie;w
Jodok;m
Jodokus;m
Jody;w
Joe;m
Joel;m
Joël;m
Joelle;w
Joëlle;w
Joey;m
Johan;m
Johann;m
Johanna;w
Johanne;w
Johannes;m
John;m
Johna;w
Johnathan;m
Johnnie;m
Johnny;m
Jolanda;w
Jolanta;w
Jolantha;w
Jolanthe;w
Jole;w
Jolina;w
Joline;w
Jon;m
Jonah;m
Jonas;m
Jonatan;m
Jonathan;m
Jonathas;m
Jonathon;m
Jones;m
Joost;m
Jorck;m
Jordan;m
Jordano;m
Jordi;m
Jörg;m
Jorge;m
Jörgen;m
Joris;m
Joris;m
Jörn;m
Josceline;w
Joschua;m
José;m
Josée;w
Josef;m
Josefa;w
Josefina;w
Josefine;w
Joseph;m
Josepha;w
Joséphine;w
Joshua;m
Josiah;m
Josiane;w
Josias;m
Josip;m
Josua;m
Jourdain;m
Jovan;m
Jovana;w
Joy;w
Joyce;w
Jozef;m
Jozsef;m
Juán;m
Juana;w
Juanita;w
Juanito;m
Juda;m
Judah;m
Judas;m
Judita;w
Judith;w
Juditha;w
Judy;w
Judyta;w
Jules;m
Julia;w
Julian;m
Juliana;w
Juliane;w
Julie;w
Julien;m
Julienne;w
Juliette;w
Julijana;w
Julika;w
Juline;w
Julio;m
Julius;m
June;w
Junia;w
Juno;w
Jupiter;m
Jupp;m
Jürg;m
Jürgen;m
Jürgen Richy;m
Juri;m
Just;m
Justa;w
Juste;m
Justin;m
Justina;w
Justine;w
Justinian;m
Justus;m
Jutta;w
Jutte;w
Kaan;m
Kadir;m
Kaela;w
Kai;m
Kaija;w
Kaitlyn;w
Kaj;m
Kaja;w
Kajetan;m
Kaleb;m
Kalila;w
Kalixtus;m
Kalle;m
Kaltrina;w
Kamilla;w
Kamillo;m
Kara;w
Karel;m
Karen;w
Karim;m
Karima;w
Karin;w
Karina;w
Karina;w
Karine;w
Karine;w
Karita;w
Karl;m
Karl-Martin;m
Karla;w
Karlheinz;m
Karol;m
Karola;w
Karolin;w
Karolina;w
Karoline;w
Károly;m
Karsten;m
Kasey;w
Kasey;m
Kasimir;m
Kaspar;m
Kasper;m
Kassandra;w
Kassidy;w
Katalin;w
Katarina;w
Katarzyna;w
Kate;w
Käte;w
Katelyn;w
Katerina;w
Katharina;w
Katharine;w
Käthe;w
Katherina;w
Katherine;w
Kathleen;w
Kathrin;w
Kathrina;w
Kathryn;w
Kathy;w
Kati;w
Katia;w
Katie;w
Katinka;w
Katja;w
Katrien;w
Katrijn;w
Katrin;w
Katrina;w
Kay;m
Kayla;w
Kaylee;w
Kayleen;w
Kayleigh;w
Kaylene;w
Kayley;w
Keanu;m
Keith;m
Keld;m
Kelemen;m
Kelli;w
Kelly;w
Kelsey;w
Kelsey;m
Kelvin;m
Kemal;m
Ken;m
Kenan;m
Kendall;w
Kendall;m
Kendra;w
Kendrick;m
Kenelm;m
Kennard;m
Kennedy;w
Kennedy;m
Kenneth;m
Kenny;m
Keno;m
Kenrick;m
Kent;m
Kenton;m
Kenza;w
Kerem;m
Kerim;m
Kerry;w
Kersten;m
Kerstin;w
Kettil;m
Ketty;w
Kevin;m
Khalil;m
Khalilah;w
Kian;m
Kiana;w
Kieran;m
Kieron;m
Kilian;m
Killian;m
Kim;m
Kimberley;w
Kimberly;w
Kimi;m
Kira;w
Kirk;m
Kirsten;w
Kirsten;m
Kirstin;w
Kitty;w
Kjeld;m
Kjell;m
Kjetil;m
Klaas;m
Klaes;m
Klara;w
Klarina;w
Klarinda;w
Klarinde;w
Klarine;w
Klarissa;w
Klaudia;w
Klaudius;m
Klaudiusz;m
Klaus;m
Klemens;m
Klementine;w
Klemenz;m
Kleopatra;w
Kliment;m
Klothilde;w
Klotild;w
Klotilde;w
Knud;m
Knut;m
Kolja;m
Konrad;m
Konradin;m
Konstantin;m
Konstantina;w
Konstantine;w
Konstanze;w
Koray;m
Korbinian;m
Kordt;m
Kordula;w
Korey;m
Korinna;w
Korinne;w
Kornel;m
Kornelia;w
Kornelius;m
Korneliusz;m
Korona;w
Kory;m
Kreshnik;m
Krishan;m
Krista;w
Kristen;w
Kristi;w
Kristian;m
Kristijan;m
Kristin;w
Kristina;w
Kristine;w
Kristof;m
Kristoffer;m
Kristy;w
Krystof;m
Krysztof;m
Kübra;w
Kuebra;w
Kunibert;m
Kunigunde;w
Kuno;m
Kunz;m
Kurt;m
Kushtrim;m
Kyla;w
Kyle;w
Kyle;m
Kylian;m
Kyra;w
Kyrill;m
Kyrillus;m
Kyros;m
Labinot;m
Ladina;w
Ladislao;m
Ladislaus;m
Ladislav;m
Ladislava;w
Laeticia;w
Laila;w
Lajos;m
Lambert;m
Lamberto;m
Lambrecht;m
Lampert;m
Lamprecht;m
Lana;w
Lance;m
Lando;m
Landolf;m
Landolfo;m
Landulf;m
Lanfranco;m
Lanfrank;m
Lara;w
Larina;w
Larisa;w
Larissa;w
Larry;m
Lars;m
Laslo;m
Lasse;m
László;m
Lätitia;w
Lätizia;w
Laura;w
Laurane;w
Lauranne;w
Laure;w
Laureen;w
Lauren;w
Laurence;w
Laurence;m
Laurene;w
Laurens;m
Laurent;m
Laurente;m
Laurenz;m
Laurenzo;m
Lauretta;w
Lauriane;w
Laurie;w
Laurin;m
Laurine;w
Lauro;m
Laverna;w
Laverne;w
Lavinia;w
Lawrence;m
Layla;w
Lazar;m
Lazarus;m
Lazzaro;m
Lea;w
Léa;w
Leah;w
Leana;w
Leander;m
Leandra;w
Leandro;m
Leandros;m
Leann;w
Leanna;w
Lee;w
Lee;m
Leif;m
Leigh;w
Leigh;m
Leila;w
Leilah;w
Lejla;w
Lelia;w
Lelio;m
Lena;w
Lena;w
Lene;w
Lenia;w
Lenio;w
Lennard;m
Lennart;m
Lennert;m
Lenny;m
Lenya;w
Lenz;m
Leo;m
Leola;w
Leon;m
Léon;m
Leona;w
Leonard;m
Léonard;m
Leonarda;w
Leonardo;m
Léonce;m
Leone;m
Leonello;m
Leonhard;m
Leoni;w
Léoni;w
Leonid;m
Leonida;w
Leonido;m
Leonie;w
Leonita;w
Leonor;w
Leonora;w
Leonore;w
Leopold;m
Léopold;m
Leopoldine;w
Leopoldo;m
Leotrim;m
Leroy;m
Lesley;w
Lesley;m
Leslie;w
Leslie;m
Lester;m
Leticia;w
Letizia;w
Lettice;w
Leunora;w
Leutrim;m
Lev;m
Levi;m
Levin;m
Lew;m
Lewin;m
Lewis;m
Leyla;w
Lia;w
Liam;m
Liana;w
Liane;w
Libera;w
Liberio;m
Libero;m
Libor;m
Libusa;w
Licia;w
Licio;m
Lidia;w
Lidwina;w
Lienhard;m
Liesa;w
Liesbeth;w
Liese;w
Liesel;w
Lieselotte;w
Lili;w
Lilia;w
Lilian;w
Liliana;w
Liliane;w
Lilith;m
Lilli;w
Lillian;w
Lillie;w
Lilly;w
Lily;w
Lina;w
Linda;w
Linde;w
Lindita;w
Lindsay;w
Lindsay;m
Lindsey;w
Lindsey;m
Line;w
Linn;w
Linnea;w
Linnéa;w
Lino;m
Linus;m
Lioba;w
Lion;m
Lionardo;m
Lionel;m
Lior;m
Liora;w
Liridon;m
Liridona;w
Lirim;m
Lisa;w
Lisanne;w
Lisbeth;w
Lise;w
Liselotte;w
Lisette;w
Liv;w
Livia;w
Livio;m
Livius;m
Liz;w
Liza;w
Lizzie;w
Ljuba;w
Ljubica;w
Lloyd;m
Loan;m
Lodewijk;m
Lodovica;w
Lodovico;m
Logan;m
Loïc;m
Lois;m
Lokman;m
Lola;w
Lolita;w
Lonnie;m
Lora;w
Loraine;w
Lore;w
Loredana;w
Loreen;w
Loren;w
Loren;m
Lorena;w
Lorene;w
Lorenz;m
Lorenza;w
Lorenzo;m
Loretta;w
Lori;w
Loriana;w
Loris;w
Lorraine;w
Lorrie;w
Lothair;m
Lothaire;m
Lothar;m
Lotta;w
Lotte;w
Lou;w
Lou;m
Louie;m
Louis;m
Louisa;w
Louise;w
Lovis;m
Lovisa;w
Lovise;w
Lowell;m
Luan;m
Luana;w
Luc;m
Luca;m
Lucano;m
Lucas;m
Lucia;w
Lucian;m
Luciana;w
Luciano;m
Lucie;w
Lucien;m
Lucienne;w
Lucile;w
Lucilla;w
Lucille;w
Lucinda;w
Lucio;m
Lucius;m
Lucjan;m
Lucrezia;w
Lucy;w
Ludewig;m
Ludger;m
Ludivine;w
Ludmila;w
Ludmilla;w
Ludovic;m
Ludovica;w
Ludovico;m
Ludvig;m
Ludvik;m
Ludwig;m
Ludwig Maximilian;m
Ludwik;m
Ludwina;w
Luigi;m
Luigia;w
Luis;m
Luisa;w
Luise;w
Luitgard;w
Luitpold;m
Luka;m
Lukacs;m
Lukas;m
Lukasz;m
Luke;m
Lula;w
Luna;w
Lupe;m
Lutgard;w
Luther;m
Lutz;m
Luuk;m
Luz;w
Luzia;w
Luzie;w
Luzius;m
Lydia;w
Lydie;w
Lyle;m
Lyn;w
Lynda;w
Lyndon;m
Lynn;w
Lynne;w
Lyuba;w
Lyubov;w
Maarten;m
Mabel;w
Macaire;m
Macario;m
Mackenzie;w
Mackenzie;m
Maddalena;w
Maddison;w
Madelaine;w
Madeleine;w
Madelena;w
Madeline;w
Madisen;m
Madison;w
Madison;m
Madisyn;m
Madita;w
Madlaina;w
Madleine;w
Madlena;w
Madlene;w
Madonna;w
Madyson;m
Mae;w
Maelle;w
Maëlle;w
Maeva;w
Maeve;w
Mafalda;w
Magali;w
Magalie;w
Magda;w
Magdalen;w
Magdalena;w
Magdalene;w
Maggie;w
Maggy;w
Maghnus;m
Magnolia;w
Magnus;m
Magret;w
Mahmud;m
Maia;w
Maik;m
Maika;w
Maike;w
Maiken;w
Máire;w
Máirín;w
Máirtín;m
Maite;w
Maite;w
Maja;w
Majlinda;w
Makar;m
Makari;m
Makayla;w
Maksim;m
Malaika;w
Malcolm;m
Mali;w
Malik;m
Malika;w
Malin;w
Malina;w
Malinda;w
Malte;m
Malve;w
Mamie;w
Mandy;w
Manfred;m
Manfredi;m
Manfredo;m
Manlio;m
Manoel;m
Manolo;m
Manon;w
Måns;m
Manuel;m
Manuela;w
Manuele;m
Mara;w
Marah;w
Maraike;w
Marc;m
Marcas;m
Marcel;m
Marcela;w
Marcell;m
Marcella;w
Marcelle;w
Marcello;m
Marcellus;m
Marcelo;m
Marcia;w
Marcin;m
Marcio;m
Marco;m
Marcos;m
Marcus;m
Maredudd;m
Mareen;w
Mareike;w
Marek;m
Marella;w
Maren;w
Marene;w
Margaret;w
Margareta;w
Margarete;w
Margaretha;w
Margarethe;w
Margarita;w
Margaritha;w
Margaux;w
Marge;w
Margery;w
Margherita;w
Margie;w
Margit;w
Margitta;w
Margot;w
Margret;w
Margreth;w
Margrit;w
Margrith;w
Margritha;w
Marguerite;w
Maria;w
Mariah;w
Marian;m
Mariana;w
Marianna;w
Marianne;w
Mariano;m
Maribel;w
Marie;w
Marieke;w
Marielena;w
Marielene;w
Marielies;w
Marieliese;w
Mariella;w
Marielle;w
Marieluise;w
Marietheres;w
Marietta;w
Mariette;w
Marigold;w
Marigona;w
Marija;w
Marijan;w
Marijana;w
Marika;w
Marike;w
Marilena;w
Marilene;w
Marilies;w
Marilyn;w
Marin;m
Marina;w
Marine;w
Marinella;w
Marino;m
Marinus;m
Mario;m
Marion;w
Mariona;w
Marisa;w
Marissa;w
Marit;w
Marita;w
Maritta;w
Marius;m
Marja;w
Marjorie;w
Mark;m
Markku;m
Marko;m
Markus;m
Marla;w
Marleen;w
Marlen;w
Marlena;w
Marlene;w
Marlies;w
Marliese;w
Marlis;w
Marlise;w
Marlit;w
Marlon;m
Marsha;w
Marshal;m
Marshall;m
Marta;w
Marten;m
Mårten;m
Martha;w
Marthe;w
Martin;m
Martín;m
Martina;w
Martine;w
Martinho;m
Martino;m
Martje;w
Martje;w
Márton;m
Martti;m
Marty;m
Marvin;m
Marwin;m
Mary;w
Maryam;w
Marzell;m
Marzellus;m
Marzia;w
Marziana;w
Marziano;m
Marzio;m
Mascha;w
Mason;m
Massimiliano;m
Massimo;m
Matea;w
Matej;m
Mateo;m
Mathäus;m
Mathew;m
Mathias;m
Mathieu;m
Mathilda;w
Mathilde;w
Mathis;m
Matias;m
Matija;m
Matilda;w
Matilde;w
Matt;m
Mattäus;m
Mattea;w
Matteo;m
Mattes;m
Matthäus;m
Matthew;m
Matthias;m
Matthias Gregor;m
Matti;m
Mattia;m
Mattias;m
Mattie;w
Maud;w
Maude;w
Mauno;m
Maura;w
Maurane;w
Maureen;w
Maurice;m
Maurilio;m
Maurin;m
Maurine;w
Mauritius;m
Mauritz;m
Maurizio;m
Mauro;m
Maurus;m
Mave;w
Max;m
Max-Reinhard;m
Maxim;m
Maxime;m
Maximilian;m
Maximiliane;w
Maximilien;m
Maximillian;m
Maxine;w
Maxwell;m
May;w
May;w
Maya;w
Mayra;w
Meave;w
Mechthild;w
Medina;w
Meg;w
Megan;w
Megane;w
Meggy;w
Mehdi;m
Mehmed;m
Mehmet;m
Meike;w
Meinrad;m
Melani;w
Melanie;w
Mélanie;w
Melchior;m
Melchiorre;m
Melina;w
Melinda;w
Meline;w
Melis;w
Melisa;w
Melissa;w
Mélissa;w
Melitta;w
Mélodie;w
Melody;w
Melville;m
Melvin;m
Menachem;m
Menahem;m
Mendel;m
Mercede;w
Mercedes;w
Meredith;w
Meredith;m
Meret;w
Mergim;m
Merita;w
Meriton;m
Merle;w
Merle;m
Merlin;m
Merten;m
Merve;w
Mervin;m
Meryem;w
Meta;w
Metin;m
Metta;w
Mette;w
Mia;w
Micael;m
Micaela;w
Micah;m
Micha;m
Michael;m
Michaela;w
Michail;m
Micheal;m
Mícheál;m
Mìcheal;m
Michel;m
Michela;w
Michele;m
Michèle;w
Micheline;w
Michella;w
Michelle;w
Mick;m
Mickaël;m
Mickey;m
Mieke;w
Miguel;m
Miguela;w
Mijo;m
Mika;m
Mikael;m
Mikaela;w
Mikail;m
Mikayla;w
Mike;m
Mikel;m
Mikka;w
Miklós;m
Mila;w
Miladin;m
Milan;m
Mildred;w
Mile;w
Milena;w
Miles;m
Milica;w
Millard;m
Millicent;w
Milorad;m
Milos;m
Milton;m
Miltrud;w
Milutin;m
Milva;w
Milvia;w
Mimoza;w
Mina;w
Minh;m
Minna;w
Minnie;w
Minnie;w
Mira;w
Mirabell;w
Mirabella;w
Mirabelle;w
Miranda;w
Mirco;m
Mireille;w
Mirella;w
Miriam;w
Mirijam;w
Mirja;w
Mirjam;w
Mirjana;w
Mirko;m
Mirlinda;w
Miro;m
Miro;m
Miroslav;m
Miroslava;w
Miroslaw;m
Miroslawa;w
Mirta;w
Mirza;m
Misty;w
Mitchell;m
Mladen;m
Moana;w
Modesto;m
Moesha;w
Mogens;m
Mohamed;m
Mohammad;m
Mohammed;m
Moira;w
Moïse;m
Mollie;w
Molly;w
Mombert;m
Momme;m
Mommo;m
Mona;w
Mona;w
Moni;w
Monia;w
Monica;w
Mónica;w
Monif;u
Monika;w
Monique;w
Monja;w
Morena;w
Moreno;m
Morgan;m
Morgana;w
Morgane;w
Moritz;m
Moritz Jason;m
Moriz;m
Morris;m
Morten;m
Mose;m
Mosè;m
Moses;m
Moshe;m
Mounir;m
Moyra;w
Muhamed;m
Muhammad;m
Muhammed;m
Mumme;m
Munir;m
Munira;w
Murat;m
Muriel;w
Murielle;w
Musa;m
Mustafa;m
Muzio;m
Mylene;w
Mylène;w
Myra;w
Myriam;w
Myrjam;w
Myrta;w
Myrte;w
Myrtha;w
Myrthe;w
Myrtle;w
Na'im;m
Na'ima;w
Nabil;m
Nabila;w
Nada;w
Nadege;w
Nadège;w
Nadia;w
Nadin;w
Nadina;w
Nadine;w
Nadir;m
Nadira;w
Nadja;w
Nadjeschda;w
Naemi;w
Naim;m
Naima;w
Nancy;w
Nando;m
Nanette;w
Naomi;w
Naphtali;m
Narve;m
Naseem;m
Nasim;m
Nastasja;w
Nastassja;w
Nat;m
Natacha;w
Natale;w
Natalia;w
Natalie;w
Natalija;w
Natalina;w
Natanja;w
Natasa;w
Natascha;w
Natasha;w
Nathalie;w
Nathan;m
Nathanael;m
Nathania;w
Nathaniel;m
Nazario;m
Nazzareno;m
Neal;m
Nebojsa;m
Neele;w
Neil;m
Nela;w
Nele;w
Nele;w
Nell;w
Nellie;w
Nelly;w
Nelson;m
Nemanja;m
Nena;w
Nenad;m
Nerea;w
Nestor;m
Nestore;m
Nevena;w
Nia;w
Niall;m
Niamh;w
Nic;m
Niccolò;m
Nice;w
Nicholas;m
Nichole;w
Nick;m
Nicki;w
Nicki;m
Nicklas;m
Nicky;w
Nicky;m
Niclas;m
Nico;m
Nicol;w
Nicol;m
Nicola;w
Nicola;m
Nicolaas;m
Nicolai;m
Nicolas;m
Nicolaus;m
Nicole;w
Nicoletta;w
Nicolette;w
Nicollò;m
Nicolo;m
Niels;m
Nieves;w
Nigel;m
Nik;m
Nike;w
Niki;w
Niki;m
Nikita;w
Nikita;m
Niklas;m
Niklaus;m
Niko;m
Nikola;w
Nikolai;m
Nikolaj;m
Nikolas;m
Nikolaus;m
Nikolina;w
Nikos;m
Nilo;m
Nils;m
Nimue;w
Nina;w
Ninette;w
Ninja;w
Nino;m
Ninon;w
Nisa;w
Njal;m
Noa;m
Noah;m
Noé;m
Noel;m
Noël;m
Noelia;w
Noëlle;w
Noemi;w
Noémie;w
Nóirín;w
Nolan;m
Nora;w
Norbert;m
Norberto;m
Noreen;w
Norina;w
Norma;w
Norman;m
Normann;m
Notburg;w
Notburga;w
Nova;w
Novato;m
Nuno;m
Nunzio;m
Nuria;w
Oceana;w
Oceane;w
Octavia;w
Octavian;m
Octavio;m
Octavius;m
Oddone;m
Odilia;w
Odilie;w
Odina;w
Odine;w
Odo;m
Ofelia;w
Oisín;m
Okke;m
Okko;m
Oktavia;w
Oktavian;m
Oktavus;m
Olaf;m
Olalla;w
Olav;m
Ole;m
Olga;w
Olimpia;w
Oliva;w
Olive;w
Oliver;m
Olivet;w
Olivia;w
Olivier;m
Oliviero;m
Olof;m
Olov;m
Olympe;w
Olympia;w
Omar;m
Ombretta;w
Ömer;m
Onofrio;m
Onorata;w
Onorato;m
Onur;m
Opal;w
Ophelia;w
Ophélie;w
Orazio;m
Orell;m
Oreste;m
Orestilla;w
Orestina;w
Orhan;m
Oriana;w
Oriane;w
Orianne;w
Orio;m
Orla;w
Orlando;m
Ornella;w
Orsino;m
Orsola;w
Orson;m
Ortensia;w
Ortensio;m
Ortwin;m
Oscar;m
Oskar;m
Osman;m
Ossian;m
Osvaldo;m
Oswald;m
Oswaldo;m
Otello;m
Otfried;m
Othello;m
Othmar;m
Othon;m
Otis;m
Otmar;m
Ottavia;w
Ottaviana;w
Ottaviano;m
Ottavio;m
Ottfried;m
Ottilia;w
Ottilie;w
Ottmar;m
Otto;m
Ottone;m
Ottorino;m
Ove;m
Ovid;m
Ovidio;m
Owen;m
Owen;m
Özge;w
Pablo;m
Paco;m
Paddy;m
Padrig;m
Page;w
Paige;w
Pål;m
Palmira;w
Palmiro;m
Pam;w
Pamela;w
Pamina;w
Panagiotis;m
Pancho;m
Pansy;w
Pantaleon;m
Paola;w
Paolina;w
Paolo;m
Paride;m
Paris;m
Parsifal;m
Parzival;m
Pascal;m
Pascale;w
Paschalis;m
Pascoal;m
Pascual;m
Pasquale;m
Pasqualina;w
Pasqualino;m
Pat;w
Pat;m
Patric;m
Patrice;m
Patricia;w
Patrick;m
Patrick-Alexander;m
Patrik;m
Patrizia;w
Patrizio;m
Patrizius;m
Patsy;w
Patty;w
Paul;m
Paula;w
Paule;w
Paulette;w
Paulina;w
Pauline;w
Paulo;m
Pavel;m
Pavla;w
Pawel;m
Pearl;w
Pearlie;w
Pearline;w
Pedro;m
Peer;m
Peggy;w
Pellegrino;m
Penelope;w
Pennie;w
Penny;w
Pepe;m
Pepita;w
Pepito;m
Peppone;m
Per;m
Percival;m
Percy;m
Peregrine;m
Perla;w
Perry;m
Petar;m
Pete;m
Peter;m
Petra;w
Petrona;w
Petronel;w
Petronella;w
Petronia;w
Petronilla;w
Petronio;m
Petter;m
Phaedra;w
Phil;m
Philbert;m
Philibert;m
Philine;w
Philip;m
Philipp;m
Philippa;w
Philippe;m
Philippine;w
Phillip;m
Phillipp;m
Phillis;w
Philomena;w
Philomene;w
Phöbe;w
Phoebe;w
Phylis;w
Phyliss;w
Phyllis;w
Pia;w
Pía;w
Piera;w
Pierina;w
Piero;m
Pierre;m
Pietra;w
Pietro;m
Pihla;w
Pinar;w
Pio;m
Pirkko;w
Pirmin;m
Pitt-Thorsten;m
Pius;m
Pjotr;m
Placide;m
Placido;m
Placidus;m
Poldi;m
Polly;w
Pompeo;m
Pomposa;w
Poul;m
Predrag;m
Preston;m
Priam;m
Priamo;m
Primo;m
Primus;m
Prisca;w
Priscilla;w
Priscille;w
Priska;w
Prosper;m
Prospera;w
Prospero;m
Publio;m
Punita;w
Qendrim;m
Quartilla;w
Quarto;m
Quentin;m
Quincy;m
Quintessa;w
Quintin;m
Quintino;m
Quinto;m
Quirin;m
Quirina;w
Quirino;m
Rabea;w
Rabi;w
Rachel;w
Rachele;w
Rachelle;w
Rachil;w
Radisa;m
Radivoje;m
Rae;w
Rafael;m
Rafaela;w
Raffael;m
Raffaela;w
Raffaele;m
Raffaella;w
Raffaello;m
Ragnar;m
Ragnvald;m
Rahel;w
Raimo;m
Raimondo;m
Raimund;m
Raimunda;w
Raimunde;w
Raina;w
Rainald;m
Rainer;m
Rainhard;m
Rainier;m
Raja;w
Ralf;m
Ralph;m
Ramin;m
Ramón;m
Ramona;w
Randall;m
Randi;w
Randie;w
Randolf;m
Randolph;m
Randulf;m
Randy;m
Raoul;m
Raphael;m
Raphaela;w
Raquel;w
Rasmus;m
Raul;m
Ray;m
Rayan;m
Raymond;m
Raymonde;w
Rea;w
Reagan;w
Reagan;m
Rebecca;w
Rebekka;w
Reece;m
Rees;m
Regan;w
Regina;w
Reginald;m
Régine;w
Regula;w
Reimund;m
Reina;w
Reiner;m
Reingard;m
Reinhard;m
Reinhart;m
Reinhild;w
Reinhold;m
Rembert;m
Remedios;w
Remedius;m
Remi;m
Remigia;w
Remigio;m
Remigius;m
Remo;m
Remy;m
Renaldo;m
Renana;w
Renata;w
Renate;w
Renato;m
Renaud;m
Rene;m
René;m
Renée;w
Renzo;m
Reto;m
Reuben;m
Rex;m
Reynaud;m
Reynold;m
Rhea;w
Rhian;w
Rhianna;w
Rhonda;w
Rhys;m
Ria;w
Riana;w
Ricarda;w
Ricardo;m
Riccarda;w
Riccardo;m
Richard;m
Rick;m
Rickert;m
Rickey;m
Ricky;m
Rico;m
Rico;m
Ridley;m
Rieka;w
Rieke;w
Rika;w
Rikard;m
Rike;w
Riley;w
Riley;m
Rilind;m
Rina;w
Rinaldo;m
Ringo;m
Rino;m
Rinor;m
Rita;w
Rob;m
Robert;m
Robert Guido;m
Roberta;w
Roberte;w
Roberto;m
Robin;w
Robin;m
Robyn;w
Rocco;m
Roch;m
Rochus;m
Rocío;w
Rocky;m
Rod;m
Rod;m
Roderich;m
Roderick;m
Rodina;w
Rodney;m
Rodolfo;m
Rodolphe;m
Rodrigo;m
Rodrigue;m
Roger;m
Roland;m
Rolando;m
Roldán;m
Rolf;m
Rolf Günther;m
Rolf-Michael;m
Roma;w
Romain;m
Romaine;w
Roman;m
Román;m
Romana;w
Romane;w
Romano;m
Romão;m
Romed;m
Romedius;m
Romegius;m
Romeo;m
Romi;w
Romina;w
Romolo;m
Romuald;m
Romy;w
Ron;m
Ronald;m
Ronda;w
Ronja;w
Ronnie;m
Ronny;m
Roosevelt;m
Roque;m
Rory;m
Rosa;w
Rosalia;w
Rosalie;w
Rosalina;w
Rosalind;w
Rosalinda;w
Rosalinde;w
Rosaline;w
Rosalyn;w
Rosamond;w
Rosamund;w
Rosamunda;w
Rosamunde;w
Rosanna;w
Rosanne;w
Rosario;w
Rose;w
Roseline;w
Rosella;w
Rosemarie;w
Rosemary;w
Rosetta;w
Rosette;w
Rosi;w
Rosie;w
Rosina;w
Rosine;w
Rosmarie;w
Ross;m
Rossana;w
Rossella;w
Roswita;w
Roswitha;w
Rouven;m
Rowan;m
Rowena;w
Rowland;m
Roxana;w
Roxane;w
Roxanne;w
Roxy;w
Roy;m
Ruaidhrí;m
Ruairi;m
Ruben;m
Rubén;m
Ruby;w
Rudger;m
Rudi;m
Rüdiger;m
Rudolf;m
Rudolph;m
Rudy;m
Ruggero;m
Rui;m
Runa;w
Rune;w
Runhild;w
Rupert;m
Ruppert;m
Ruprecht;m
Russ;m
Russel;m
Russell;m
Rut;w
Ruth;w
Rutherford;m
Ruud;m
Ruwen;m
Ryan;m
Saban;m
Sabatina;w
Sabatino;m
Sabina;w
Sabine;w
Sabino;m
Sabrina;w
Sacha;w
Sacha;m
Sachso;m
Sadie;w
Safiya;w
Sahra;w
Salena;w
Saliha;w
Salim;m
Sally;w
Salome;w
Salomo;m
Salomon;m
Salomone;m
Salvador;m
Salvator;m
Salvatore;m
Salvia;w
Salvina;w
Sam;m
Samanta;w
Samantha;w
Sami;m
Samir;m
Samira;w
Sammy;m
Samuel;m
Samuele;m
Samy;m
Samya;w
Sander;m
Sándor;m
Sandra;w
Sandrine;w
Sandro;m
Sandy;w
Sandy;m
Sanela;w
Sanna;w
Sanna;w
Sanne;w
Sante;w
Santo;m
Saphira;w
Sapphira;w
Sara;w
Sarafina;w
Sarah;w
Saranda;w
Saranya;w
Sarina;w
Sarine;w
Sarita;w
Sasa;m
Sascha;w
Sascha;m
Sasha;w
Sasha;m
Saskia;w
Sassa;w
Sasso;m
Saul;m
Savannah;w
Saverio;m
Saviero;m
Savina;w
Savino;m
Scarlet;w
Scarlett;w
Schorsch;m
Scott;m
Sead;m
Sean;m
Sebastian;m
Sebastiano;m
Sébastien;m
Sebulon;m
Secondo;m
Segunda;w
Segundo;m
Selby;w
Selby;m
Selena;w
Selene;w
Selenio;m
Selim;m
Selin;w
Selina;w
Seline;w
Selma;w
Semir;m
Semjon;m
Senta;w
Sepp;m
Serafin;m
Serafina;w
Serafine;w
Serafino;m
Seraina;w
Seraphim;m
Seraphin;m
Seraphina;w
Seraphine;w
Seraphinus;m
Serena;w
Serenella;w
Sereno;m
Serenus;m
Serge;m
Sergei;m
Sergej;m
Sergio;m
Serhat;m
Serjoscha;m
Sesto;m
Seth;m
Severiano;m
Severin;m
Séverin;m
Severina;w
Séverine;w
Severino;m
Severo;m
Shaina;w
Shana;w
Shane;m
Shannon;w
Sharina;w
Sharon;w
Shaul;m
Shaun;m
Shauna;w
Shawn;m
Shayna;w
Sheena;w
Sheila;w
Shelby;w
Shelby;m
Shelia;w
Shelley;w
Shelly;w
Sheri;w
Sherlock;m
Sherman;m
Sherri;w
Sherry;w
Sheryl;w
Sheth;m
Shira;w
Shirin;w
Shirley;w
Shkelqim;m
Shlomo;m
Shulamith;w
Sibilla;w
Sibyl;w
Sibylla;w
Sibylle;w
Sidney;m
Sidonia;w
Sidonie;w
Sidonius;m
Sidony;w
Siegfried;m
Sieglind;w
Sieglinde;w
Siegmund;m
Sierra;w
Sigfrid;m
Sigfrido;m
Sigi;m
Sigismund;m
Sigmund;m
Sigurd;m
Silas;m
Sile;w
Silja;w
Silka;w
Silke;w
Silva;w
Silvain;m
Silvan;m
Silvana;w
Silvano;m
Silvester;m
Silvestre;m
Silvestro;m
Silvia;w
Silvian;m
Silviana;w
Silvio;m
Silvius;m
Simea;w
Simeon;m
Simon;m
Simona;w
Simone;w
Simone;m
Simonetta;w
Simonette;w
Sina;w
Sinan;m
Sinem;w
Sinisa;m
Sinja;w
Sira;w
Siria;w
Sirius;m
Siro;m
Sisto;m
Sixtus;m
Skender;m
Slavko;m
Slavoljub;m
Slobodan;m
Smeralda;w
Snezana;w
Socrate;m
Sofia;w
Sofie;w
Sokrates;m
Solange;w
Solène;w
Solomon;m
Solveig;w
Solvejg;w
Sonia;w
Sonja;w
Sonya;w
Sophia;w
Sophie;w
Soraia;w
Soraija;w
Soraya;w
Sören;m
Spencer;m
Stacey;w
Stacey;m
Stacie;w
Stacy;w
Stacy;m
Stan;m
Stan-Oliver;m
Stanislao;m
Stanislas;m
Stanislaus;m
Stanislav;m
Stanislaw;m
Stanley;m
Stefan;m
Stéfane;m
Stefani;w
Stefania;w
Stefanie;w
Stefano;m
Steffen;m
Steffi;w
Stella;w
Stepan;m
Stephan;m
Stéphane;m
Stephanie;w
Stéphanie;w
Stephen;m
Stev;m
Steve;m
Steve-Maikel;m
Steven;m
Stewart;m
Stian;m
Stig;m
Stina;w
Stine;w
Stjepan;m
Stuart;m
Sue;w
Sulamith;w
Sullivan;m
Sünje;w
Suraya;w
Surayya;w
Susan;w
Susana;w
Susanna;w
Susanne;w
Susetta;w
Susi;w
Susie;w
Suvi;w
Suzana;w
Suzane;w
Suzanne;w
Suzette;w
Svea;w
Sven;m
Svend;m
Svenja;w
Svetlana;w
Sveva;w
Swen;m
Swetlana;w
Sybil;w
Sybilla;w
Sybille;w
Sydney;m
Sylke;w
Sylvester;m
Sylvia;w
Sylvie;w
Syria;w
Tabatha;w
Tabea;w
Tabita;w
Tabitha;w
Taddeo;m
Tadeo;m
Tadeu;m
Tadeusz;m
Tal;m
Tale;w
Talea;w
Talia;w
Talia;w
Tamara;w
Tamera;w
Tami;w
Tamina;w
Tamino;m
Tammi;w
Tammie;w
Tammo;m
Tammy;w
Tancredi;m
Tania;w
Tanita;w
Tanja;w
Tankred;m
Tanner;m
Tanya;w
Tara;w
Tarcisio;m
Tarek;m
Tarik;m
Tariq;m
Tarja;w
Tatiana;w
Tatjana;w
Taulant;m
Taylor;w
Taylor;m
Taziana;w
Taziano;m
Tazio;m
Tea;w
Tecla;w
Ted;m
Ted;m
Teddy;m
Tekla;w
Teo;m
Teobaldo;m
Teodolinda;w
Teodora;w
Teodorico;m
Teodoro;m
Teofil;m
Teofilo;m
Terence;m
Teresa;w
Teresio;m
Terrance;m
Terrence;m
Terri;w
Terry;w
Terry;m
Tess;w
Tessa;w
Tessie;w
Teuta;w
Thabea;w
Thaddäus;m
Thaddeus;m
Thalia;w
Thankmar;m
Thea;w
Thekla;w
Thelma;m
Theo;m
Théo;m
Theobald;m
Theoderich;m
Theodericus;m
Theodor;m
Theodora;w
Theodore;w
Theodore;m
Théodore;m
Theodoric;m
Theophil;m
Theophilus;m
Theres;w
Theresa;w
Therese;w
Thérèse;w
Theresia;w
Thibault;m
Thibaut;m
Thiemo;m
Thierry;m
Thies;m
Thiess;m
Thietmar;m
Thilo;m
Thimo;m
Thomas;m
Thomasina;w
Thommy;m
Thorben;m
Thorbjörn;m
Thore;m
Thorsten;m
Thurayya;w
Thure;m
Tia;w
Tiara;w
Tiberio;m
Tiberius;m
Tibor;m
Tiffany;w
Tijana;w
Til;m
Till;m
Tillman;m
Tillo;m
Tilman;m
Tilo;m
Tim;m
Tim;m
Timm;m
Timme;m
Timmo;m
Timmy;m
Timo;m
Timon;m
Timoteo;m
Timothée;m
Timotheus;m
Timothy;m
Tina;w
Tina Luise;w
Tino;m
Tito;m
Titus;m
Tizia;w
Tizian;m
Tiziana;w
Tiziano;m
Tizio;m
Tjark;m
Tjarko;m
Tjorven;w
Tobi;m
Tobia;m
Tobiah;m
Tobias;m
Tobie;m
Toby;m
Todd;m
Todor;m
Tom;m
Tomas;m
Tomasin;w
Tomaso;m
Tomislav;m
Tommaso;m
Tommy;m
Toni;m
Tonia;w
Tonio;m
Tonja;w
Tönjes;m
Toño;m
Tony;m
Tonya;w
Torben;m
Torbjörn;m
Tore;m
Tori;w
Torquato;m
Torsten;m
Tosca;w
Tosco;m
Tracee;w
Tracey;w
Tracey;m
Traci;w
Tracie;w
Tracy;w
Tracy;w
Tracy;m
Traugott;m
Travis;m
Trevor;m
Trinidad;w
Trinidade;w
Trinity;w
Tristan;m
Trixi;w
Troy;m
Tullio;m
Tullo;m
Ture;m
Tyler;m
Tylor;m
Tyrone;m
Ubaldo;m
Uberto;m
Udo;m
Ueli;m
Ugo;m
Ulf;m
Uli;m
Ulises;m
Ulisse;m
Ulli;w
Ulli;m
Ulric;m
Ulrica;w
Ulrich;m
Ulrico;m
Ulrik;m
Ulrika;w
Ulrike;w
Ulrique;w
Ulv;m
Ulysses;m
Umar;m
Umberto;m
Umeko;w
Umman Tom;m
Umut;m
Urbain;m
Urbano;m
Uriel;m
Urs;m
Ursel;w
Ursina;w
Ursino;m
Ursola;w
Ursula;w
Ursule;w
Ursulina;w
Uschi;w
Usman;m
Uta;w
Ute;w
Uthman;m
Utta;w
Uwe;m
Valdemar;m
Valencia;w
Valente;m
Valentiano;m
Valentin;m
Valentina;w
Valentine;w
Valentine;m
Valentino;m
Valère;m
Valeria;w
Valerian;m
Valeriana;w
Valeriano;m
Valerie;w
Valérie;w
Valerio;m
Valesca;w
Valeska;w
Valmir;m
Valmir;m
Valon;m
Vanda;w
Vanesa;w
Vanessa;w
Vania;w
Vanja;w
Vanna;w
Vasco;m
Vasili;m
Vasyl;m
Veit;m
Velma;w
Velten;m
Veltin;m
Venanzia;w
Venanzio;m
Vera;w
Verdiana;m
Verena;w
Vergil;m
Veridiana;m
Verner;m
Vernon;m
Vero;m
Veronica;w
Veronika;w
Véronique;w
Vicente;m
Vicki;w
Vickie;w
Vicky;w
Vico;m
Victoire;w
Victor;m
Victoria;w
Vidar;m
Vigilio;m
Viktor;m
Viktoria;w
Vilfredo;m
Vilhelm;m
Villano;m
Vincent;m
Vincenz;m
Vincenza;w
Vincenzo;m
Vinzenta;w
Vinzentia;w
Vinzenz;m
Viola;w
Violet;w
Violeta;w
Violetta;w
Violette;w
Virgil;m
Virgilio;m
Virginia;w
Virginie;w
Viridiana;m
Virna;w
Visar;m
Vita;w
Vito;m
Vittore;m
Vittoria;w
Vittoriano;m
Vittorio;m
Vivian;w
Vivian;m
Viviana;w
Viviane;w
Viviano;m
Vivien;w
Vivienne;w
Vjollca;w
Vladimir;m
Vladimira;w
Vladimiro;m
Vladislav;m
Vlas;m
Vlora;w
Voker;m
Volfango;m
Volkard;m
Volker;m
Volkert;m
Volkhard;m
Volkmar;m
Volodya;m
Vreneli;w
Vreni;w
Vroni;w
Vyvian;m
Waast;m
Wade;m
Walburga;w
Walburgis;w
Waldburg;w
Waldemar;m
Wallace;m
Walli;w
Walpurga;w
Walpurgis;w
Walt;m
Walter;m
Walther;m
Waltraud;w
Waltraut;w
Wanda;w
Warren;m
Wassili;m
Wayne;m
Wencke;w
Wendel;m
Wendelin;m
Wendell;m
Wendy;w
Wenke;w
Wera;w
Werner;m
Wernher;m
Wesley;m
Whitney;w
Wiar;m
Widar;m
Wil;m
Wilbert;m
Wilbrecht;m
Wilbur;m
Wilburg;m
Wilfred;m
Wilfrid;m
Wilfried;m
Wilhard;m
Wilhelm;m
Wilhelma;w
Wilhelmina;w
Wilhelmine;w
Wilibald;m
Will;m
Willard;m
Willem;m
Willhart;m
Willi;m
William;m
Willibald;m
Willibert;m
Willie;m
Willis;m
Willy;m
Wilma;w
Wilpert;m
Wilson;m
Winfried;m
Winifred;w
Winnie;w
Winston;m
Wladimir;m
Wladyslaw;m
Wlodzimierz;m
Woldemar;m
Wolf;m
Wolfgang;m
Wolfram;m
Woodrow;m
Woody;m
Wulf;m
Wulfram;m
Xander;m
Xaver;m
Xavier;m
Xenia;w
Yael;w
Yahweh;m
Yan;m
Yanick;m
Yanik;m
Yanis;m
Yann;m
Yannic;m
Yannick;m
Yannik;m
Yannis;m
Yara;w
Yaren;w
Yasemin;w
Yasin;m
Yasmin;w
Yasmina;w
Yasmine;w
Yevgeni;m
Yisrael;m
Ylenia;w
Ylva;w
Yngvi;m
Yoan;m
Yoann;m
Yohan;m
Yolanda;w
Yolande;w
Yolantha;w
Yolanthe;w
Yorick;m
York;m
Yorrick;m
Yusuf;m
Yvan;m
Yves;m
Yvette;w
Yvonne;w
Zabulon;m
Zaccaria;m
Zach;m
Zacharias;m
Zacharie;m
Zachary;m
Zafer;m
Zahrah;w
Zaira;w
Zane;m
Zarah;w
Zeb;m
Zebulun;m
Zeke;m
Zelinda;w
Zelindo;m
Zenia;w
Zeno;m
Zenone;m
Zeus;m
Zia;m
Zilan;w
Zita;w
Ziya;m
Zoa;w
Zoe;w
Zofia;w
Zofie;w
Zölestin;m
Zölestine;w
Zölestinus;m
Zora;w
Zoran;m
Zsófia;w
Zyriak;m
Zyriakus;m
